date,latitude,longitude,parameter,value,units,source
2025-09-14,81.30357298074371,-131.30978454984287,aod,0.30254483477293714,dimensionless,Sample Data
2025-09-26,43.437456464019334,-102.4094794669567,aod,0.011967753721736136,dimensionless,Sample Data
2025-09-27,55.08362588074066,-67.39710104925842,aod,0.2104727692155106,dimensionless,Sample Data
2025-10-03,64.14990792001186,-172.66649472647697,aod,0.0477375250497894,dimensionless,Sample Data
2025-09-15,23.755338239007536,-156.3627542630769,aod,0.1891712844793494,dimensionless,Sample Data
2025-09-30,11.729681878106181,-179.08138032143674,aod,0.18927417477995975,dimensionless,Sample Data
2025-09-19,31.91084864014136,-161.86579811523455,aod,0.05299408001000488,dimensionless,Sample Data
2025-09-15,56.378950699981544,-168.2211635107333,aod,0.14440583100662555,dimensionless,Sample Data
2025-09-22,13.48378095399983,-102.98610604793448,aod,0.22807916067752024,dimensionless,Sample Data
2025-09-28,10.99487208698999,-121.4350972439594,aod,0.6741260684922346,dimensionless,Sample Data
2025-09-24,32.8460326880028,-74.90834474486006,aod,0.05250525017907556,dimensionless,Sample Data
2025-09-15,61.24476391190937,-148.66668941661848,aod,0.13670944562683005,dimensionless,Sample Data
2025-09-07,78.19903015590866,-175.5294922550216,aod,0.040236319982958964,dimensionless,Sample Data
2025-09-25,41.88669058684336,-81.80301665870518,aod,0.15824475959635953,dimensionless,Sample Data
2025-09-29,82.7188470823419,-155.96892078168148,aod,0.1194780140814159,dimensionless,Sample Data
2025-10-04,79.49941493453457,-128.63046931976413,aod,0.509887075853881,dimensionless,Sample Data
2025-09-28,24.698714681435888,-168.49597473325048,aod,0.6497228540480693,dimensionless,Sample Data
2025-09-18,66.04900826030357,-70.21059967184031,aod,0.3529115730481868,dimensionless,Sample Data
2025-10-01,31.07008822655356,-133.6220675298334,aod,0.06459255135878841,dimensionless,Sample Data
2025-09-28,22.395020429725186,-141.4844442584693,aod,0.866829267917464,dimensionless,Sample Data
2025-09-27,24.90367611506293,-79.60817999143454,aod,0.0028359767514229885,dimensionless,Sample Data
2025-09-06,63.350646456148745,-154.15048746845534,aod,0.2950429052087027,dimensionless,Sample Data
2025-09-12,36.884929640820445,-170.37419527456825,aod,0.49292594592383693,dimensionless,Sample Data
2025-09-04,43.708800560365255,-69.4949848873261,aod,0.013133613160956579,dimensionless,Sample Data
2025-09-06,34.38874915200603,-139.5722981769639,aod,0.1789536950857159,dimensionless,Sample Data
2025-09-06,52.09325693857759,-144.28616691129167,aod,0.02547447872310038,dimensionless,Sample Data
2025-09-29,67.05887864626732,-87.27817766101064,aod,0.05383355029238638,dimensionless,Sample Data
2025-09-18,13.03251921538235,-146.71111804102787,aod,0.11156283878168548,dimensionless,Sample Data
2025-10-04,18.091857024497834,-176.69551352326764,aod,0.45221876818847345,dimensionless,Sample Data
2025-09-07,52.245667898228774,-118.20187098632547,aod,0.4762531059691951,dimensionless,Sample Data
2025-09-14,40.77871922767223,-147.59201021064627,aod,0.04539548442646495,dimensionless,Sample Data
2025-09-22,54.9149099866402,-57.42903582746247,aod,0.035161671700012574,dimensionless,Sample Data
2025-09-28,70.60902846733127,-59.1393051954655,aod,0.022296791774294417,dimensionless,Sample Data
2025-09-23,26.38303279126252,-120.65050583722167,aod,0.4461626810471122,dimensionless,Sample Data
2025-10-01,70.55801163730469,-109.88550855096541,aod,0.0881038282682633,dimensionless,Sample Data
2025-09-30,30.409918703847648,-62.11230259905197,aod,0.11141153854972288,dimensionless,Sample Data
2025-09-10,74.55479374422576,-73.6580804300759,aod,0.03598229742358706,dimensionless,Sample Data
2025-09-04,46.36224785192374,-110.56837548119255,aod,0.025536078309129365,dimensionless,Sample Data
2025-09-25,80.71822779343894,-136.11002771752837,aod,0.04937565583013938,dimensionless,Sample Data
2025-10-03,40.28771282935306,-107.44673973774565,aod,0.71355962765834,dimensionless,Sample Data
2025-09-05,28.883672186902313,-54.881851657525544,aod,0.2491469577694311,dimensionless,Sample Data
2025-09-30,84.83053637867064,-160.748699106058,aod,0.18809841419651863,dimensionless,Sample Data
2025-09-08,13.860906343749201,-114.651726980248,aod,0.08464576497532754,dimensionless,Sample Data
2025-09-24,61.05290886660751,-97.5343251888227,aod,0.13445442189472726,dimensionless,Sample Data
2025-09-07,28.15414536336253,-51.8654409656219,aod,0.016861913596482557,dimensionless,Sample Data
2025-09-09,28.16199537080694,-131.94492071201742,aod,0.0917045598528608,dimensionless,Sample Data
2025-09-14,57.5147283070671,-97.80024202283467,aod,0.3390338834557966,dimensionless,Sample Data
2025-09-30,21.30381579740721,-76.21513375200836,aod,0.04128642132151131,dimensionless,Sample Data
2025-09-30,54.31697073911813,-174.6992315978807,aod,0.04975408848004144,dimensionless,Sample Data
2025-09-23,70.71257846047865,-87.55056078305769,aod,0.2072248683095384,dimensionless,Sample Data
2025-09-10,61.820330357684945,-157.33236422935113,aod,0.5520687635608614,dimensionless,Sample Data
2025-09-28,35.57997632876939,-162.12227726102088,aod,0.04690957197243977,dimensionless,Sample Data
2025-09-10,62.18382995088116,-109.61176340241644,aod,0.21575254780878292,dimensionless,Sample Data
2025-10-01,51.640060869959676,-73.76111397384194,aod,0.060445245509656,dimensionless,Sample Data
2025-09-08,82.40645134665952,-50.48701903146983,aod,0.4613548855296854,dimensionless,Sample Data
2025-09-06,35.42723432865255,-97.69681055447516,aod,0.24103325656280916,dimensionless,Sample Data
2025-09-25,74.22432189085693,-69.93405150902024,aod,0.30271243838618067,dimensionless,Sample Data
2025-09-11,16.31049737462866,-96.5358859999426,aod,0.3077405862334095,dimensionless,Sample Data
2025-09-19,53.5514966077341,-93.03152688715028,aod,0.021399380287189865,dimensionless,Sample Data
2025-09-17,10.379618788466402,-93.74477001595274,aod,0.15913956922778635,dimensionless,Sample Data
2025-09-12,58.89709446269504,-90.05362429994987,aod,0.0386988080833216,dimensionless,Sample Data
2025-09-19,47.04202863875759,-177.65020272998228,aod,0.27447151033315814,dimensionless,Sample Data
2025-09-20,73.69175578706334,-95.5477231238621,aod,0.07365143534422658,dimensionless,Sample Data
2025-09-25,48.161055762907,-109.46977002786309,aod,0.061632029571766236,dimensionless,Sample Data
2025-09-16,82.97579160643342,-148.28134636071914,aod,0.13339538685507607,dimensionless,Sample Data
2025-09-24,42.57957741328215,-62.207157596587976,aod,0.1396870648777541,dimensionless,Sample Data
2025-09-08,46.93882703641479,-105.00249499857331,aod,0.05232108023821955,dimensionless,Sample Data
2025-09-20,52.90031494068873,-115.1048606149822,aod,0.008916597421097265,dimensionless,Sample Data
2025-09-17,45.24583854932072,-50.70843359634566,aod,0.4927019769267683,dimensionless,Sample Data
2025-09-27,11.159246239665057,-131.87936896679224,aod,0.08031961036469754,dimensionless,Sample Data
2025-10-01,52.92193518781287,-108.14055431138631,aod,0.3834774034358838,dimensionless,Sample Data
2025-09-26,38.882329645144395,-141.72164403095385,aod,0.06252473742476243,dimensionless,Sample Data
2025-09-13,37.9515150320537,-116.91361634407896,aod,0.5502586941614084,dimensionless,Sample Data
2025-09-27,52.75458775670237,-89.51612643225351,aod,0.04687091149481148,dimensionless,Sample Data
2025-10-04,36.89850859721229,-92.75134281287342,aod,0.14609906499630074,dimensionless,Sample Data
2025-09-04,65.55764633156534,-65.94150064936579,aod,0.029380380498430406,dimensionless,Sample Data
2025-09-13,51.46149826809308,-87.84157040168458,aod,0.33147490145194247,dimensionless,Sample Data
2025-09-16,75.03042389350777,-74.68525869170651,aod,0.01702318335293991,dimensionless,Sample Data
2025-09-23,57.09208112114771,-179.32596783938172,aod,0.20994381497756007,dimensionless,Sample Data
2025-09-15,69.68445020770758,-88.74430595649856,aod,0.4353970248877295,dimensionless,Sample Data
2025-09-26,53.4148671630669,-176.4098196564184,aod,0.22296427091014445,dimensionless,Sample Data
2025-10-03,21.628121254580815,-137.34015322828486,aod,0.0675261320629045,dimensionless,Sample Data
2025-09-23,12.287518745428708,-103.1916761260286,aod,0.007921782459884145,dimensionless,Sample Data
2025-09-08,50.28118203974916,-140.57548309248102,aod,0.14773071765580312,dimensionless,Sample Data
2025-09-08,26.18657706226324,-79.9008380971806,aod,0.12222688108316296,dimensionless,Sample Data
2025-10-03,24.57850254961548,-70.53700024844242,aod,0.15558208853894845,dimensionless,Sample Data
2025-09-16,64.45685002919961,-97.13411280523314,aod,0.6982476168694093,dimensionless,Sample Data
2025-09-27,13.080063757590684,-87.10263645660623,aod,0.06317029308722746,dimensionless,Sample Data
2025-09-08,15.884228600669946,-122.93371530826731,aod,0.04074998445363794,dimensionless,Sample Data
2025-09-15,42.12358562050808,-169.4865143397643,aod,0.10517192889302839,dimensionless,Sample Data
2025-09-05,21.732778200331452,-157.47173839079005,aod,0.054831418850696347,dimensionless,Sample Data
2025-09-16,23.71494978304805,-167.79647228943207,aod,0.06568245227779919,dimensionless,Sample Data
2025-10-04,65.34226875218263,-55.86751351378477,aod,0.11442424574334023,dimensionless,Sample Data
2025-09-29,13.57870957687366,-85.09488884696358,aod,0.08800282586462249,dimensionless,Sample Data
2025-09-17,11.07951164723169,-81.48000563963201,aod,0.01925792634111208,dimensionless,Sample Data
2025-10-03,33.35599820434706,-167.7595915250872,aod,0.24324812234013768,dimensionless,Sample Data
2025-09-19,17.337562048825113,-118.35740221864774,aod,0.32892285911808106,dimensionless,Sample Data
2025-09-08,44.85053597047086,-134.9804382583779,aod,0.10166732291664138,dimensionless,Sample Data
2025-09-05,57.63202381507328,-99.93948725321187,aod,0.06046268432593919,dimensionless,Sample Data
2025-09-04,80.00772310596122,-178.01040976225,aod,0.15503526628790026,dimensionless,Sample Data
2025-09-19,56.18883732924354,-91.08470997824166,aod,0.20567882942177823,dimensionless,Sample Data
2025-09-30,53.93316859550975,-176.55352962958915,aod,0.3228391372245692,dimensionless,Sample Data
2025-09-04,53.002528125394996,-91.96811549021237,aod,0.12259119481021825,dimensionless,Sample Data
2025-09-06,80.60986065823938,-109.06981738892846,aod,0.34343451969804084,dimensionless,Sample Data
2025-10-02,25.501326990755903,-95.30697965848756,aod,0.014376831060631404,dimensionless,Sample Data
2025-09-22,11.36663692386623,-166.89885982093455,aod,0.19259990200361016,dimensionless,Sample Data
2025-10-02,59.17919765355566,-136.24795206446555,aod,0.37270520801945545,dimensionless,Sample Data
2025-09-12,71.08513619417019,-176.97464835434263,aod,0.13705066554928294,dimensionless,Sample Data
2025-09-14,36.1252453339898,-89.92425337004788,aod,0.41988316281738935,dimensionless,Sample Data
2025-09-28,70.26106977886364,-84.44076430549485,aod,0.15880217917624453,dimensionless,Sample Data
2025-09-06,52.639021281246876,-124.94877749994458,aod,0.9314009780280461,dimensionless,Sample Data
2025-09-10,37.901356434458734,-126.35970200151456,aod,0.17375933495484422,dimensionless,Sample Data
2025-09-15,52.14000191078302,-67.27484106273613,aod,0.11207112188843193,dimensionless,Sample Data
2025-09-12,66.59071555635117,-82.38676118710534,aod,0.09487588137878677,dimensionless,Sample Data
2025-09-28,47.24208930123083,-110.53742844102675,aod,0.07714708523290166,dimensionless,Sample Data
2025-09-15,39.19012590506223,-63.581980295493935,aod,0.6366124553800475,dimensionless,Sample Data
2025-10-01,36.61788928470405,-69.87139126757333,aod,0.5993944766376571,dimensionless,Sample Data
2025-09-18,53.007841609246455,-56.421070898117705,aod,0.017391601761713036,dimensionless,Sample Data
2025-09-23,55.18306944258392,-168.07846085639747,aod,0.22326471598570127,dimensionless,Sample Data
2025-09-28,69.36842827943863,-82.1913111731016,aod,0.024086844844539514,dimensionless,Sample Data
2025-09-17,83.06861564008076,-58.97921626065197,aod,0.1594922631390786,dimensionless,Sample Data
2025-09-14,76.57781370687248,-122.60103482146098,aod,0.2447204983529273,dimensionless,Sample Data
2025-09-29,61.60225076312793,-54.07524728336246,aod,0.19258113594960702,dimensionless,Sample Data
2025-09-16,16.308010458624807,-166.85405210403727,aod,0.050353985204830067,dimensionless,Sample Data
2025-09-05,76.89226815825825,-128.43529174594727,aod,0.016969750116062412,dimensionless,Sample Data
2025-09-19,83.99796838758816,-168.97109716892504,aod,0.3977571948157492,dimensionless,Sample Data
2025-09-10,27.751389526155904,-65.55320407700582,aod,0.8537547879203968,dimensionless,Sample Data
2025-10-04,38.219468914818684,-82.0608359163376,aod,0.13142747258071297,dimensionless,Sample Data
2025-09-13,62.88132732224949,-130.8616132841069,aod,0.47364753509561813,dimensionless,Sample Data
2025-09-16,46.946882821814434,-165.54432730020034,aod,0.10390671455544723,dimensionless,Sample Data
2025-09-11,65.57303956830012,-105.70850672334862,aod,0.025005246401491255,dimensionless,Sample Data
2025-09-16,65.95336594490675,-95.60266072491174,aod,0.05423225149550577,dimensionless,Sample Data
2025-09-28,45.828616816017075,-127.97102392663678,aod,0.40590050763404595,dimensionless,Sample Data
2025-09-15,82.24169045804585,-150.93254099247116,aod,0.7624415862581061,dimensionless,Sample Data
2025-09-19,34.201479120818775,-107.71934497646401,aod,0.1500286500698781,dimensionless,Sample Data
2025-09-06,15.534742355154915,-50.91457650449095,aod,0.2377584712562468,dimensionless,Sample Data
2025-09-20,22.466157393193967,-170.19350887833,aod,0.23798024762335485,dimensionless,Sample Data
2025-09-25,57.06685600630476,-120.90966158018948,aod,0.09696720349599054,dimensionless,Sample Data
2025-09-13,78.64407562518298,-84.1769082404075,aod,0.6007992011721863,dimensionless,Sample Data
2025-10-01,44.17425645892847,-64.26570809418088,aod,0.0817922619801446,dimensionless,Sample Data
2025-09-11,58.51362712515429,-157.94161249357649,aod,0.08719070692334668,dimensionless,Sample Data
2025-09-12,15.830097772373863,-104.12470545938663,aod,0.06020746843588013,dimensionless,Sample Data
2025-09-12,12.423696333223784,-121.07868991225197,aod,0.074075860310872,dimensionless,Sample Data
2025-10-02,61.35483794154094,-74.20664743809667,aod,0.028585969780778955,dimensionless,Sample Data
2025-09-22,80.53988703515375,-170.0939506521088,aod,0.2587208008392269,dimensionless,Sample Data
2025-09-27,41.368227721796416,-100.25602452834733,aod,0.4185645113774237,dimensionless,Sample Data
2025-09-27,22.36256958527507,-108.2935765692709,aod,0.09446955231665258,dimensionless,Sample Data
2025-09-20,84.04570969862084,-74.62806699836172,aod,0.0945579718164698,dimensionless,Sample Data
2025-09-30,39.47420867341444,-82.55482100311063,aod,0.36918264148672697,dimensionless,Sample Data
2025-09-06,45.15198698462277,-71.01726838755208,aod,0.028739924297693793,dimensionless,Sample Data
2025-10-01,15.651929526434675,-178.22264457249037,aod,0.3352234878499846,dimensionless,Sample Data
2025-09-24,84.7477627805429,-50.03670247280303,aod,0.1759674285076869,dimensionless,Sample Data
2025-09-22,66.78109015318418,-85.60429027065975,aod,0.056830488916229306,dimensionless,Sample Data
2025-09-22,19.686956136362124,-121.42926240968785,aod,0.06424275147998333,dimensionless,Sample Data
2025-09-11,75.86655006093942,-153.06040562895265,aod,0.19253408694861435,dimensionless,Sample Data
2025-09-29,18.516819414972176,-133.43884665573074,aod,0.13789685410101893,dimensionless,Sample Data
2025-09-21,72.35286175468758,-118.09260941742815,aod,0.3823540222616968,dimensionless,Sample Data
2025-10-03,52.07034786515397,-108.25211095931688,aod,0.3138683621529125,dimensionless,Sample Data
2025-09-26,46.003447526385635,-103.30573337210731,aod,0.28141149053251713,dimensionless,Sample Data
2025-09-22,62.80598260744177,-99.3597583240496,aod,0.46692056405693133,dimensionless,Sample Data
2025-09-21,83.53470438192834,-99.75571742735204,aod,0.17827947513298892,dimensionless,Sample Data
2025-10-04,42.81061915177968,-129.0082741370348,aod,0.2592154495431807,dimensionless,Sample Data
2025-09-18,43.81828355620783,-108.8319801031155,aod,0.10101602625983595,dimensionless,Sample Data
2025-09-08,74.67727815600588,-99.12872897037644,aod,0.3183901178478832,dimensionless,Sample Data
2025-09-20,73.15685612640323,-120.28491496699758,aod,0.05974709087027916,dimensionless,Sample Data
2025-09-24,83.50244314641078,-120.31235168902603,aod,0.08536228817793239,dimensionless,Sample Data
2025-09-14,53.47374508538038,-152.81299715979316,aod,0.015779060995247007,dimensionless,Sample Data
2025-10-04,19.603437921832935,-163.2456361516156,aod,0.10226531281322067,dimensionless,Sample Data
2025-09-07,23.50504542619739,-89.30321541939887,aod,0.08482786315896106,dimensionless,Sample Data
2025-10-02,45.54712301971543,-63.41750671221847,aod,0.7232027595266071,dimensionless,Sample Data
2025-09-24,26.788679942974046,-101.74839857967517,aod,0.037009468813116175,dimensionless,Sample Data
2025-09-24,23.275786320756012,-143.78325592584537,aod,0.15913137903744878,dimensionless,Sample Data
2025-09-17,36.699361320398964,-110.524944514772,aod,0.09059622310218371,dimensionless,Sample Data
2025-09-12,61.7796121472024,-114.55575478886861,aod,0.019366196097460056,dimensionless,Sample Data
2025-09-27,61.583853782206226,-117.45109877268189,aod,0.41362693969761816,dimensionless,Sample Data
2025-09-29,14.580846989114782,-60.286587930864286,aod,0.40544741520108235,dimensionless,Sample Data
2025-09-23,54.79585616915729,-169.01278900151135,aod,0.046979806236306654,dimensionless,Sample Data
2025-09-29,46.3392238893266,-131.83862663712034,aod,0.2853861153609418,dimensionless,Sample Data
2025-09-29,64.03870460435986,-110.93545198344057,aod,0.007474590464295693,dimensionless,Sample Data
2025-09-18,63.501218941341435,-147.1831972352773,aod,0.37214561873074503,dimensionless,Sample Data
2025-09-21,12.285411455019561,-82.54988983888364,aod,0.11862864921671018,dimensionless,Sample Data
2025-09-28,28.185287772604724,-110.759755360847,aod,0.2674286284991739,dimensionless,Sample Data
2025-09-20,52.29738190141273,-156.30309579812544,aod,0.047511387124725975,dimensionless,Sample Data
2025-09-20,18.982159886443842,-137.4253442168711,aod,0.08399198980075584,dimensionless,Sample Data
2025-09-12,36.632822745947855,-118.38390761402769,aod,0.13800728436977702,dimensionless,Sample Data
2025-09-05,50.282990636391084,-168.70036254863493,aod,0.16317249162736902,dimensionless,Sample Data
2025-09-13,52.334390689198095,-103.75039349410132,aod,0.06675243605234078,dimensionless,Sample Data
2025-09-05,58.44379309987009,-132.79930146817745,aod,0.05603622976060514,dimensionless,Sample Data
2025-09-28,34.77613609606855,-115.22779927963778,aod,0.05415890575135999,dimensionless,Sample Data
2025-09-26,21.4644354388249,-166.76827855934752,aod,0.13381184802596915,dimensionless,Sample Data
2025-10-03,16.591571840510788,-69.39372268130099,aod,0.038080486732577405,dimensionless,Sample Data
2025-09-22,16.017530924623166,-63.42049479856473,aod,0.0036821854434133934,dimensionless,Sample Data
2025-09-09,84.79416510762958,-89.3950098923652,aod,0.10145159874848608,dimensionless,Sample Data
2025-09-09,74.91303444204851,-53.96884367420205,aod,0.7383139174169705,dimensionless,Sample Data
2025-10-03,64.21720724663317,-116.20265869635801,aod,0.5300770189919911,dimensionless,Sample Data
2025-09-22,52.87095171024249,-107.62082390818912,aod,0.3647522932846884,dimensionless,Sample Data
2025-09-07,82.59955498781757,-153.33991718057032,aod,0.11082891001396611,dimensionless,Sample Data
2025-09-18,28.18072993113102,-114.01065077102085,aod,0.24567365756974133,dimensionless,Sample Data
2025-10-03,16.54676346922566,-80.18866481243096,aod,0.03353295055413596,dimensionless,Sample Data
2025-09-04,49.94420744136894,-117.45178675887374,aod,0.09216294940971714,dimensionless,Sample Data
2025-09-13,51.14523384536149,-120.94516361151705,aod,0.9202402622790649,dimensionless,Sample Data
2025-09-04,70.7405834390976,-138.094000153286,aod,0.02989145601894921,dimensionless,Sample Data
2025-09-18,18.752204810626097,-179.64758307613715,aod,0.12757132880905436,dimensionless,Sample Data
2025-09-20,36.16511999072465,-126.46068116085509,aod,0.38039630328935087,dimensionless,Sample Data
2025-09-24,40.63887197019377,-83.02331167866664,aod,0.26251027269210153,dimensionless,Sample Data
2025-09-06,23.592479962424513,-58.01574061326508,aod,0.5219563989959655,dimensionless,Sample Data
2025-10-02,13.607098297306576,-86.19244840233397,aod,0.03011164928283852,dimensionless,Sample Data
2025-10-03,25.12204900358084,-76.61524945821428,aod,0.34874554902637317,dimensionless,Sample Data
2025-09-17,27.67688095487498,-155.76735171754126,aod,0.14807519126920887,dimensionless,Sample Data
2025-09-28,75.79004056098312,-133.3520370639447,aod,0.22975938488504677,dimensionless,Sample Data
2025-09-22,63.53368411414945,-121.2466818311249,aod,0.19568724727591483,dimensionless,Sample Data
2025-09-04,42.90585065412543,-109.82846195109771,aod,0.05284850619941305,dimensionless,Sample Data
2025-09-17,38.79184160299086,-63.055305474306095,aod,0.013788384355014222,dimensionless,Sample Data
2025-09-09,50.71369829600567,-150.22669917977646,aod,0.5621233367864419,dimensionless,Sample Data
2025-09-23,35.11792109928146,-98.39795310071568,aod,0.31600027913605344,dimensionless,Sample Data
2025-09-10,50.00958189822411,-99.39054172929325,aod,0.17026492102398055,dimensionless,Sample Data
2025-10-02,66.4302340029117,-50.29995992990038,aod,0.05713392370976759,dimensionless,Sample Data
2025-09-25,12.514932605183454,-83.28698196555199,aod,0.2503975113974481,dimensionless,Sample Data
2025-09-25,66.59764688950875,-115.78240667298786,aod,0.34436159270820066,dimensionless,Sample Data
2025-09-27,73.48392188008887,-165.61787419582305,aod,0.18524693794614497,dimensionless,Sample Data
2025-10-02,50.489547783462754,-114.70251482987108,aod,0.052078604488950186,dimensionless,Sample Data
2025-10-04,64.00274024095557,-86.10716610890138,aod,0.18248100879201343,dimensionless,Sample Data
2025-09-30,63.713430604971414,-106.4839148480134,aod,0.08483663875865269,dimensionless,Sample Data
2025-09-09,78.13379210002212,-156.39229681581466,aod,0.05158607731738493,dimensionless,Sample Data
2025-09-14,31.594721235679458,-124.93240788533723,aod,0.03329391002570014,dimensionless,Sample Data
2025-09-28,47.94165091633495,-103.79012183781636,aod,0.05914702410287009,dimensionless,Sample Data
2025-09-15,54.472217894411614,-85.6075738118879,aod,0.16654309278867954,dimensionless,Sample Data
2025-09-11,79.18745358829717,-89.435392896004,aod,0.21074721823845294,dimensionless,Sample Data
2025-09-12,38.08265272903165,-79.73793309243406,aod,0.11037490078456423,dimensionless,Sample Data
2025-09-25,80.0775261076761,-84.26224936878603,aod,0.4831198496469606,dimensionless,Sample Data
2025-09-29,27.69295259463109,-164.03459836005462,aod,0.36514362216368856,dimensionless,Sample Data
2025-10-04,79.06314119630292,-163.7938514435753,aod,0.0746318022720561,dimensionless,Sample Data
2025-09-18,55.5920795345694,-150.43856928597535,aod,0.011263629848658759,dimensionless,Sample Data
2025-09-24,70.21400864485085,-136.4243585860329,aod,0.18512762243143166,dimensionless,Sample Data
2025-09-29,41.08784381527208,-165.1452509927606,aod,0.5047850952306083,dimensionless,Sample Data
2025-09-05,36.021490142217075,-134.97502073242504,aod,0.5013193781527002,dimensionless,Sample Data
2025-09-30,12.463500268257876,-103.68113086224626,aod,0.03036398438627741,dimensionless,Sample Data
2025-09-09,47.37758295546098,-157.06969175419096,aod,0.006893271936131489,dimensionless,Sample Data
2025-09-14,68.53717806595657,-139.50848775274153,aod,0.2000781545035696,dimensionless,Sample Data
2025-09-10,59.76530290125329,-178.29772064351664,aod,0.742153987865164,dimensionless,Sample Data
2025-09-25,51.79790266675359,-120.3314315577883,aod,0.017842687530100626,dimensionless,Sample Data
2025-09-04,47.664625774843195,-50.40634726002685,aod,0.07419445487273398,dimensionless,Sample Data
2025-09-27,42.0091679002562,-128.34864499051227,aod,0.4566629713623261,dimensionless,Sample Data
2025-09-16,24.301579049774993,-153.33184673733908,aod,0.09487493686147878,dimensionless,Sample Data
2025-09-04,54.05902031755558,-71.24657427199672,aod,0.29880051871967445,dimensionless,Sample Data
2025-10-01,49.329270199568505,-121.0724514827564,aod,0.1312041735139935,dimensionless,Sample Data
2025-09-07,67.40172107996804,-115.38844665323764,aod,0.040161017241725105,dimensionless,Sample Data
2025-09-13,80.95865966002245,-67.96786926824275,aod,0.0631462731385332,dimensionless,Sample Data
2025-09-26,40.65506283235723,-96.28005937892794,aod,0.7719946378067404,dimensionless,Sample Data
2025-09-11,75.02453200086427,-70.82744827064583,aod,0.00549397157688802,dimensionless,Sample Data
2025-09-30,27.330609744105356,-151.14361894871658,aod,0.1408448123053322,dimensionless,Sample Data
2025-09-08,35.44534344221432,-102.64363263894532,aod,0.03933554189035707,dimensionless,Sample Data
2025-09-05,27.86370857850449,-95.14300597925629,aod,0.32727444870162303,dimensionless,Sample Data
2025-09-17,55.239805163273466,-51.46525834579245,aod,0.3546501999951129,dimensionless,Sample Data
2025-09-24,60.10638524279846,-128.36614114960088,aod,0.10430732589053565,dimensionless,Sample Data
2025-09-13,16.5193761212762,-137.88129205611605,aod,0.017877427926089828,dimensionless,Sample Data
2025-10-02,11.989915290536478,-152.97478683101644,aod,0.41821227969771546,dimensionless,Sample Data
2025-09-04,62.795960135388206,-96.41967673014707,aod,0.3401391806038957,dimensionless,Sample Data
2025-09-05,29.456757507346936,-135.56374427927614,aod,0.0902157165021798,dimensionless,Sample Data
2025-09-08,72.29908799239374,-175.5503455933312,aod,0.10532720785596224,dimensionless,Sample Data
2025-09-15,42.70948968514875,-108.23386648924257,aod,0.04956680483336977,dimensionless,Sample Data
2025-09-20,68.4819081091023,-53.30885552414691,aod,0.4057009855438648,dimensionless,Sample Data
2025-09-20,77.09141701705686,-116.63394422756323,aod,0.1326316231693407,dimensionless,Sample Data
2025-09-05,65.62652081714992,-113.38050473535019,aod,0.2007394663869073,dimensionless,Sample Data
2025-09-14,20.45170555546181,-146.47460089368371,aod,0.10953386349908195,dimensionless,Sample Data
2025-09-05,77.54292259272893,-162.80409255370705,aod,0.06357529434578657,dimensionless,Sample Data
2025-09-24,78.57241049203742,-177.60921204882933,aod,0.33753874095444053,dimensionless,Sample Data
2025-09-08,15.038154993678257,-115.24820204356925,aod,0.2107777267972054,dimensionless,Sample Data
2025-09-13,25.481595382045242,-72.13356551806379,aod,0.030168889309769506,dimensionless,Sample Data
2025-09-30,29.987379502816164,-145.72110565749986,aod,0.18196886203929852,dimensionless,Sample Data
2025-09-10,59.877750590969164,-101.93280814362507,aod,0.17033218275244996,dimensionless,Sample Data
2025-10-03,40.32861261617683,-71.04609478682154,aod,0.1463433865245362,dimensionless,Sample Data
2025-09-14,22.471252656705957,-173.89442431924283,aod,0.04075911740343618,dimensionless,Sample Data
2025-10-02,67.8239444151609,-168.256195124911,aod,0.09862845138503767,dimensionless,Sample Data
2025-09-20,36.67545373487118,-142.46981421980902,aod,0.2556910439665888,dimensionless,Sample Data
2025-09-26,81.19800977933242,-100.64739328896552,aod,0.2179331846185357,dimensionless,Sample Data
2025-09-04,64.94290729076877,-58.21213388778146,aod,0.06291782781452088,dimensionless,Sample Data
2025-09-23,22.15104084186885,-109.82043874193485,aod,0.010559055619954938,dimensionless,Sample Data
2025-09-05,54.76321366876669,-115.47238786383927,aod,0.19527851574052613,dimensionless,Sample Data
2025-09-11,35.828779903317496,-118.34914986895194,aod,0.2605294820432786,dimensionless,Sample Data
2025-09-13,61.6301797320802,-115.5861288931942,aod,0.1231193044198379,dimensionless,Sample Data
2025-09-15,15.83240080592178,-170.12865665194914,aod,0.2372897639418243,dimensionless,Sample Data
2025-09-22,54.26730001518153,-144.62113216010485,aod,0.07554952918642888,dimensionless,Sample Data
2025-09-20,82.15740893230883,-75.03406726382104,aod,0.6000981306245525,dimensionless,Sample Data
2025-10-03,23.884969662896474,-122.01924951546576,aod,0.6348320902975126,dimensionless,Sample Data
2025-09-20,57.921203900069635,-81.40898618706142,aod,0.21504754303408055,dimensionless,Sample Data
2025-09-28,73.68967386739894,-90.00404661267918,aod,0.4673603995039006,dimensionless,Sample Data
2025-09-12,61.98814085926936,-95.93356051476876,aod,0.5766927574640829,dimensionless,Sample Data
2025-09-10,62.91813793867664,-174.87451452209424,aod,1.4687873376380218,dimensionless,Sample Data
2025-09-10,45.49075885610001,-107.74514441316664,aod,0.006907104708842363,dimensionless,Sample Data
2025-09-19,32.3011755529413,-89.33536525791081,aod,0.02449727056713917,dimensionless,Sample Data
2025-10-04,69.65063784693231,-125.17085423503337,aod,0.3961621413470717,dimensionless,Sample Data
2025-09-13,33.932535493244174,-70.20857819044085,aod,0.20687225274774762,dimensionless,Sample Data
2025-09-15,37.35229370929794,-95.47824444238034,aod,0.02569555349432881,dimensionless,Sample Data
2025-09-11,62.22165819086048,-169.9960837882028,aod,0.11633266838308239,dimensionless,Sample Data
2025-09-27,52.93208195750993,-127.4168915413594,aod,0.15508470288000992,dimensionless,Sample Data
2025-09-21,33.90643771990524,-77.20598857093474,aod,0.14686389306773895,dimensionless,Sample Data
2025-09-05,75.74990333968371,-124.51378263486762,aod,0.004940682748831045,dimensionless,Sample Data
2025-09-26,11.595205813779035,-66.88714639287912,aod,0.0410295182609918,dimensionless,Sample Data
2025-09-30,79.94424320689397,-130.08469431043565,aod,1.2364388821694652,dimensionless,Sample Data
2025-10-02,67.53912166983451,-134.40746399127767,aod,0.007664352293192763,dimensionless,Sample Data
2025-09-15,53.556790542049576,-117.62842750865438,aod,0.8280794073682618,dimensionless,Sample Data
2025-09-10,41.33250866255003,-80.12445619761263,aod,0.14784626235476575,dimensionless,Sample Data
2025-09-16,10.250977153223442,-84.80466506599613,aod,0.08758386631882331,dimensionless,Sample Data
2025-10-03,32.223109034199254,-142.65893108496937,aod,0.17788523469960954,dimensionless,Sample Data
2025-09-18,78.27543265431507,-143.95546605941945,aod,0.1116439493784204,dimensionless,Sample Data
2025-09-15,60.97354620198024,-130.03753586924137,aod,0.626611645844443,dimensionless,Sample Data
2025-10-01,29.423698870136025,-76.26138812136017,aod,0.10811295480667796,dimensionless,Sample Data
2025-09-14,80.85490167185577,-65.71462001691859,aod,0.4681071742957249,dimensionless,Sample Data
2025-09-07,65.75146171702181,-51.405961724263335,aod,0.05270763300353666,dimensionless,Sample Data
2025-09-24,58.72349867442763,-57.444869362433664,aod,0.3551487037061876,dimensionless,Sample Data
2025-09-28,13.520901786085975,-164.35596093545053,aod,0.04981697972410135,dimensionless,Sample Data
2025-09-09,68.4688355175065,-155.7630259212469,aod,0.3226587544731973,dimensionless,Sample Data
2025-09-12,26.224301727741512,-98.1288700105001,aod,0.525530910761351,dimensionless,Sample Data
2025-09-13,23.042143691461547,-50.66198305596342,aod,0.14482354057957808,dimensionless,Sample Data
2025-09-06,84.72518318550432,-116.14577568707855,aod,0.33838260059726305,dimensionless,Sample Data
2025-09-18,26.78632111169673,-150.8227256612341,aod,0.007097491415376297,dimensionless,Sample Data
2025-09-14,74.50951123134428,-63.66021264038082,aod,0.41986496225828474,dimensionless,Sample Data
2025-09-12,19.713619096210312,-145.4719944634682,aod,0.009078288616138191,dimensionless,Sample Data
2025-09-18,12.656677631390881,-69.214840664889,aod,0.212982500239724,dimensionless,Sample Data
2025-09-27,16.524006993355762,-108.3885418208119,aod,0.058244090083061785,dimensionless,Sample Data
2025-09-19,62.178571963731265,-179.33932182365663,aod,0.13698649678353073,dimensionless,Sample Data
2025-09-16,26.51374014623585,-169.46399193200577,aod,0.4497708232732396,dimensionless,Sample Data
2025-09-16,14.613776967942629,-51.10820643114374,aod,0.1310110274871182,dimensionless,Sample Data
2025-09-27,71.85107244438619,-102.9869879942627,aod,0.21700816585380475,dimensionless,Sample Data
2025-09-04,74.83696602305113,-109.3087419603381,aod,0.4217822870880717,dimensionless,Sample Data
2025-09-04,59.383887599381914,-76.33461719109934,aod,0.03423850133770644,dimensionless,Sample Data
2025-09-16,35.05066590589284,-159.14798630709063,aod,0.23911593287439678,dimensionless,Sample Data
2025-09-09,56.39585336613882,-91.58169967116095,aod,0.0419520861692464,dimensionless,Sample Data
2025-09-28,82.09864661386806,-65.38717273985448,aod,0.005936702308604404,dimensionless,Sample Data
2025-09-14,19.66524006050839,-72.64382242658085,aod,0.05191617034792595,dimensionless,Sample Data
2025-09-05,10.08400836100821,-61.868829794982176,aod,0.3569180594024448,dimensionless,Sample Data
2025-09-16,10.478940378762518,-114.0291946110913,aod,0.1919058988727477,dimensionless,Sample Data
2025-10-04,57.38601452625013,-52.44579685643495,aod,0.09454397882684187,dimensionless,Sample Data
2025-09-19,71.40095653748813,-178.82058739514576,aod,0.022629403459165812,dimensionless,Sample Data
2025-09-05,50.59499340070827,-81.06637267473636,aod,0.08367121799782223,dimensionless,Sample Data
2025-10-02,79.90210791325131,-97.75915389258674,aod,0.31099655715931535,dimensionless,Sample Data
2025-09-07,67.81405814057423,-157.4120482100163,aod,0.07161048328564797,dimensionless,Sample Data
2025-09-13,15.051295110157877,-87.93762847611339,aod,0.12832885923291665,dimensionless,Sample Data
2025-09-21,15.602081331839052,-172.47034012735622,aod,0.41042256897538254,dimensionless,Sample Data
2025-09-07,82.66583914642686,-53.446434006938404,aod,0.20858271920166493,dimensionless,Sample Data
2025-10-02,38.77091953042164,-102.7285383002891,aod,0.004474389546894773,dimensionless,Sample Data
2025-09-22,46.648239280349934,-137.93067151055965,aod,0.0582065358109083,dimensionless,Sample Data
2025-09-05,21.92037124575674,-179.86616762006767,aod,1.170305752331396,dimensionless,Sample Data
2025-09-10,43.85402682472566,-124.59643070932351,aod,0.1497421670306641,dimensionless,Sample Data
2025-09-05,32.37808232424945,-72.63030044601344,aod,0.2964049722640796,dimensionless,Sample Data
2025-09-06,19.850134480703353,-150.0930212059136,aod,0.6026308812770219,dimensionless,Sample Data
2025-09-24,42.42511007819515,-160.36247406848298,aod,0.480535260832446,dimensionless,Sample Data
2025-09-22,82.33903542026565,-68.54318802797518,aod,0.06410034601337626,dimensionless,Sample Data
2025-10-01,40.700050473628224,-52.082905765222336,aod,0.2577774019211864,dimensionless,Sample Data
2025-09-20,25.02693576615345,-83.04118843597465,aod,0.21091917177519792,dimensionless,Sample Data
2025-09-19,74.82686873797277,-132.09157531591106,aod,0.15671628794943926,dimensionless,Sample Data
2025-10-02,25.277593695720565,-159.2980540236956,aod,0.29975546093485955,dimensionless,Sample Data
2025-09-23,73.35874210876658,-79.78016019627324,aod,0.0036046682984593754,dimensionless,Sample Data
2025-09-27,32.06259800076084,-76.41628237767642,aod,0.5072766603628528,dimensionless,Sample Data
2025-09-28,69.74029682321321,-99.83545911230405,aod,0.00024651889980205685,dimensionless,Sample Data
2025-09-23,55.54798361970034,-102.2174555340845,aod,0.11253114398483806,dimensionless,Sample Data
2025-10-04,46.86959100560777,-153.93178552895623,aod,0.21083458183434978,dimensionless,Sample Data
2025-09-11,54.26979541642169,-137.62968968623028,aod,0.07431767943603877,dimensionless,Sample Data
2025-09-21,10.871540493107547,-120.82138061936584,aod,0.2281724519268986,dimensionless,Sample Data
2025-09-09,83.10248889030174,-128.57913909560406,aod,0.06896694301489163,dimensionless,Sample Data
2025-09-09,74.50917978919034,-89.65235480354947,aod,0.47679949578313163,dimensionless,Sample Data
2025-09-12,66.18712293259622,-85.84290994356645,aod,0.055426256556943644,dimensionless,Sample Data
2025-09-19,20.687165717613492,-51.73386287527097,aod,0.13169365375467043,dimensionless,Sample Data
2025-09-11,35.95124257336297,-152.65455461054708,aod,0.0019637790769126452,dimensionless,Sample Data
2025-09-04,48.82837325385336,-137.56002992828104,aod,0.42832039434255764,dimensionless,Sample Data
2025-09-29,71.83855351726254,-169.27389052274523,aod,0.10114217070711898,dimensionless,Sample Data
2025-09-17,52.56556361961686,-162.74695197440215,aod,0.23630789201678587,dimensionless,Sample Data
2025-09-15,13.088762145945376,-73.21270535871736,aod,0.022089763457015136,dimensionless,Sample Data
2025-09-09,62.98567948651759,-97.26406755932723,aod,0.18066337025065293,dimensionless,Sample Data
2025-09-12,55.970813114920446,-99.84140435787837,aod,0.24692800081224783,dimensionless,Sample Data
2025-10-03,63.556519909932085,-66.77401391300887,aod,0.3059615742329248,dimensionless,Sample Data
2025-09-14,46.32988356805305,-100.40646183544946,aod,0.45041006375704323,dimensionless,Sample Data
2025-09-29,71.29733274718703,-108.81299110001429,aod,0.13113322342440634,dimensionless,Sample Data
2025-09-17,22.29996107421229,-174.70196620797853,aod,0.017030979977791235,dimensionless,Sample Data
2025-09-16,28.532742550760982,-172.1542290812267,aod,0.13050815042777278,dimensionless,Sample Data
2025-09-17,34.67630783609967,-99.95353714750843,aod,0.08216462486628587,dimensionless,Sample Data
2025-09-26,69.22738803568593,-156.3246709604691,aod,0.008928702802332428,dimensionless,Sample Data
2025-09-22,11.564585446865358,-158.98256926091565,aod,0.05187198913734135,dimensionless,Sample Data
2025-09-06,83.10948716100873,-50.47659091262355,aod,0.017008442951273448,dimensionless,Sample Data
2025-09-25,26.542084369174244,-127.57602305390186,aod,0.006226423304723896,dimensionless,Sample Data
2025-10-03,44.69672175544872,-146.50122449354222,aod,0.647716503936792,dimensionless,Sample Data
2025-09-08,73.46839690142869,-125.9320424008977,aod,0.08490970653789653,dimensionless,Sample Data
2025-09-27,84.07371728020433,-131.76496081200165,aod,0.15674594095183791,dimensionless,Sample Data
2025-09-29,54.104378356755944,-113.18053718486576,aod,0.2583843134977741,dimensionless,Sample Data
2025-09-05,75.50674285612455,-116.73303761478863,aod,0.3149648809706135,dimensionless,Sample Data
2025-09-29,84.40999872555042,-94.84878595182589,aod,0.4869111879047198,dimensionless,Sample Data
2025-09-11,56.722493767261206,-152.61391542926333,aod,0.3615754090030988,dimensionless,Sample Data
2025-09-07,68.20001552765721,-149.3470277853027,aod,0.479450641257849,dimensionless,Sample Data
2025-09-17,27.815749369290824,-156.64119584686856,aod,0.14374026696854075,dimensionless,Sample Data
2025-09-12,15.184958963996458,-126.3059472957994,aod,0.0567993939988741,dimensionless,Sample Data
2025-09-27,43.39789412519991,-66.80251283457352,aod,0.17322168807252414,dimensionless,Sample Data
2025-09-20,17.14461309659697,-93.85923372891835,aod,0.09921418127269471,dimensionless,Sample Data
2025-09-08,29.360007452584565,-53.97639809641262,aod,0.0018142850749228432,dimensionless,Sample Data
2025-09-07,54.90354850750807,-103.5063576657213,aod,0.70012209088488,dimensionless,Sample Data
2025-09-06,27.703784750984795,-121.00735962012689,aod,0.1166879996338584,dimensionless,Sample Data
2025-09-15,43.65831803735523,-136.98438281140764,aod,0.35308197682443154,dimensionless,Sample Data
2025-09-14,28.653570444072244,-123.98462192396522,aod,0.5935586646738442,dimensionless,Sample Data
2025-10-01,36.94380609371842,-147.1713883301955,aod,0.007472145601896548,dimensionless,Sample Data
2025-09-08,59.78533957163538,-84.26773804146673,aod,0.30445977774294253,dimensionless,Sample Data
2025-09-18,43.47764848844392,-88.29987276541354,aod,0.40540212530580055,dimensionless,Sample Data
2025-09-21,18.39397145482959,-153.24064269522012,aod,0.8638927180586772,dimensionless,Sample Data
2025-09-29,27.334818432073497,-164.01379489114854,aod,0.008027683281876447,dimensionless,Sample Data
2025-09-24,43.91492712125765,-164.12571117869652,aod,0.018544933553726616,dimensionless,Sample Data
2025-09-15,53.85030253319415,-166.56983557387795,aod,0.03211433026728379,dimensionless,Sample Data
2025-09-14,82.38390223270342,-51.7380840153499,aod,0.0035065183533467426,dimensionless,Sample Data
2025-09-10,82.98233110527599,-137.9930145808638,aod,0.1212984538184019,dimensionless,Sample Data
2025-09-15,46.66349351926901,-112.97251628469746,aod,0.1519621201052529,dimensionless,Sample Data
2025-09-23,19.9535990364458,-163.65360346513566,aod,0.2439396695081679,dimensionless,Sample Data
2025-09-21,60.5074324993688,-153.7590512240167,aod,0.041736987474371864,dimensionless,Sample Data
2025-09-09,21.712288359413044,-84.99216826678608,aod,0.4052063244387033,dimensionless,Sample Data
2025-09-26,61.94694641696234,-156.97052737183984,aod,0.7691654909644757,dimensionless,Sample Data
2025-09-21,11.313699314654668,-131.34142027182696,aod,0.19238697111018832,dimensionless,Sample Data
2025-09-15,52.79573099791222,-67.04235201776663,aod,0.024006822778809098,dimensionless,Sample Data
2025-09-04,78.90083477451282,-76.5836516794676,aod,0.048586399603604793,dimensionless,Sample Data
2025-09-08,39.53983042406189,-94.34488886975457,aod,0.17216422153907168,dimensionless,Sample Data
2025-09-09,21.946558393210385,-134.68542325854384,aod,0.07657784057449024,dimensionless,Sample Data
2025-09-16,84.50027030189713,-67.3629732214061,aod,0.3050060113868585,dimensionless,Sample Data
2025-09-07,65.38369069384949,-106.28788607173318,aod,0.2102570089757106,dimensionless,Sample Data
2025-09-22,79.42561231605339,-80.525187607748,aod,0.3298915685942147,dimensionless,Sample Data
2025-09-22,69.83602366439759,-80.90293247903995,aod,0.40635993194007614,dimensionless,Sample Data
2025-09-10,32.26519559202106,-131.16260725537555,aod,0.001155061103250771,dimensionless,Sample Data
2025-09-10,37.48461511535484,-137.80384211296484,aod,0.16576539981061433,dimensionless,Sample Data
2025-09-04,51.13747912386076,-130.5454384497363,aod,0.054242129746395584,dimensionless,Sample Data
2025-09-29,27.04522204473636,-131.47726708818578,aod,0.1768914221008729,dimensionless,Sample Data
2025-09-05,58.19319767103922,-158.10222993144646,aod,0.12453552300338949,dimensionless,Sample Data
2025-09-19,74.75002371788689,-130.62784857670013,aod,0.3756823642954169,dimensionless,Sample Data
2025-09-28,71.03247162396897,-61.149252926308904,aod,0.09567027297976105,dimensionless,Sample Data
2025-09-15,53.51292769204992,-128.15303848340295,aod,0.12951834373448604,dimensionless,Sample Data
2025-09-17,51.206067882284,-128.73250790361448,aod,0.2532569487662782,dimensionless,Sample Data
2025-09-26,11.367443700727122,-55.781919525858484,aod,0.11272650086844144,dimensionless,Sample Data
2025-09-18,15.346020254137294,-63.4271423207841,aod,0.0558058688555547,dimensionless,Sample Data
2025-09-24,14.520054271717065,-59.485509176480136,aod,0.13047139741540995,dimensionless,Sample Data
2025-09-07,22.47487058073566,-154.70741798591087,aod,0.05935171261563438,dimensionless,Sample Data
2025-09-18,33.04674736947149,-142.96652274495003,aod,0.1519686298208719,dimensionless,Sample Data
2025-10-03,16.72197543662066,-104.47883307583629,aod,0.2518623449296203,dimensionless,Sample Data
2025-09-28,41.01618261440136,-144.5588799046406,aod,0.1478302828248394,dimensionless,Sample Data
2025-09-10,74.45618449604419,-163.98105495761843,aod,0.14895689994642,dimensionless,Sample Data
2025-09-13,18.01576923210579,-87.82398597608375,aod,0.04096950150910505,dimensionless,Sample Data
2025-09-25,41.83955688972714,-60.69217640772095,aod,0.32797174348707187,dimensionless,Sample Data
2025-09-13,13.255939964111437,-108.47054951968597,aod,0.023825264985639368,dimensionless,Sample Data
2025-09-24,57.84889043449732,-179.6640780701523,aod,0.4311893060308067,dimensionless,Sample Data
2025-09-13,25.903362993117,-150.3496296466388,aod,0.03841946311849834,dimensionless,Sample Data
2025-09-27,77.94183285908203,-133.09957251562201,aod,0.08721209568470295,dimensionless,Sample Data
2025-09-21,68.53941364328963,-149.20682733331734,aod,0.26332236929556496,dimensionless,Sample Data
2025-09-28,60.35685021479608,-69.34734608913979,aod,0.02008240345822516,dimensionless,Sample Data
2025-09-21,43.882575905292185,-98.89828779204551,aod,0.03320709183259696,dimensionless,Sample Data
2025-09-04,75.19447184882894,-149.41937397574196,aod,0.048858065337707875,dimensionless,Sample Data
2025-09-18,11.77289395347523,-167.55710778237898,aod,0.05233690290121669,dimensionless,Sample Data
2025-09-12,57.84705949869776,-153.19579861260456,aod,0.09915653301304105,dimensionless,Sample Data
2025-09-05,47.2575144144377,-102.7180764257975,aod,0.06418993853816832,dimensionless,Sample Data
2025-09-13,60.688093381553195,-102.38390080356008,aod,0.11179306513034315,dimensionless,Sample Data
2025-09-10,61.932711349327725,-86.71229046443709,aod,0.0834336723022382,dimensionless,Sample Data
2025-09-09,55.241455766002915,-73.56808257449974,aod,0.17273345009359609,dimensionless,Sample Data
2025-09-11,15.956452674173995,-144.35911334722525,aod,0.2072908533425681,dimensionless,Sample Data
2025-09-04,40.0890935529237,-102.55240533543564,aod,0.05140636601912666,dimensionless,Sample Data
2025-09-20,15.206788205957002,-133.85048024184815,aod,0.35659536585500273,dimensionless,Sample Data
2025-09-24,15.244870428207559,-92.95165990258495,aod,0.06325676245678967,dimensionless,Sample Data
2025-09-15,61.00989483275885,-102.93444108505506,aod,0.07841120849682921,dimensionless,Sample Data
2025-09-26,60.21152163986426,-136.70975130243426,aod,0.09511628677861331,dimensionless,Sample Data
2025-09-26,84.66103680281928,-132.81724466002103,aod,0.12517458559648179,dimensionless,Sample Data
2025-09-07,52.17226119084324,-172.18149546189792,aod,0.6522822320284164,dimensionless,Sample Data
2025-09-26,66.61283649556358,-97.45519407316569,aod,0.15349988520528932,dimensionless,Sample Data
2025-09-19,43.77782021936389,-167.43206154592644,aod,0.0002474890157716451,dimensionless,Sample Data
2025-09-06,83.59272807582279,-140.88909591407685,aod,0.5239469385408418,dimensionless,Sample Data
2025-09-11,39.94869368569811,-149.49652935879104,aod,0.004045920296205185,dimensionless,Sample Data
2025-09-04,67.64498535913813,-84.1665707490584,aod,0.36907419841239436,dimensionless,Sample Data
2025-09-21,56.76892660020698,-112.27546295463452,aod,0.31014135835413836,dimensionless,Sample Data
2025-09-15,55.63648094948435,-67.59079503563977,aod,0.30467781340373307,dimensionless,Sample Data
2025-09-04,12.712028539357158,-87.86318929341306,aod,0.05158771249501329,dimensionless,Sample Data
2025-09-05,38.56821441332404,-135.58231475340028,aod,0.5527902601784148,dimensionless,Sample Data
2025-09-23,32.914323299351764,-108.00570870739108,aod,0.06561847991914672,dimensionless,Sample Data
2025-09-09,75.50024962928859,-57.489687516709694,aod,0.5036314093035293,dimensionless,Sample Data
2025-09-08,84.41185111174845,-115.39474722224206,aod,0.0992014464448005,dimensionless,Sample Data
2025-09-09,39.78840830719083,-114.85011010633873,aod,0.3401459148021452,dimensionless,Sample Data
2025-10-03,75.84807403338021,-130.5189718480446,aod,0.25561148574030257,dimensionless,Sample Data
2025-09-17,25.89868681766789,-161.63385359418425,aod,0.016876265840149892,dimensionless,Sample Data
2025-09-05,23.014338623988152,-127.61257676052901,aod,0.050621203886372625,dimensionless,Sample Data
2025-09-13,52.9781071698137,-55.54802457370367,aod,0.34573503508198755,dimensionless,Sample Data
2025-09-07,74.65108617044669,-162.7717925435597,aod,0.1864692592982896,dimensionless,Sample Data
2025-09-17,77.36962204695295,-161.9042567997211,aod,0.03843526169091586,dimensionless,Sample Data
2025-09-28,39.899727082923484,-114.66641005975248,aod,0.21950670564890817,dimensionless,Sample Data
2025-09-07,45.86755172860542,-164.17095155371427,aod,0.029043606465712718,dimensionless,Sample Data
2025-10-01,51.21471519212627,-54.7950354934074,aod,0.07473984566614082,dimensionless,Sample Data
2025-10-01,42.96337664746826,-114.20155783076827,aod,0.38136490109294474,dimensionless,Sample Data
2025-09-05,11.326585720994292,-179.95677420433637,aod,0.21007936786492395,dimensionless,Sample Data
2025-09-22,14.601222033300111,-160.23676909327574,aod,0.042584803714047395,dimensionless,Sample Data
2025-09-21,46.34511902641485,-152.4718044134878,aod,0.011903416284884737,dimensionless,Sample Data
2025-09-22,83.77591939475602,-89.64542024838809,aod,0.037426162602011905,dimensionless,Sample Data
2025-09-17,68.7022030558112,-170.29812413617938,aod,0.021304640710312298,dimensionless,Sample Data
2025-09-07,14.671884859754702,-90.01902557976285,aod,0.20058205131874518,dimensionless,Sample Data
2025-10-01,27.448415392201074,-150.24370136994023,aod,0.07312976661739705,dimensionless,Sample Data
2025-09-10,49.52810979337387,-98.893541282087,aod,0.25770106555294797,dimensionless,Sample Data
2025-10-02,40.359882181389985,-77.02782761112938,aod,0.08746430787320518,dimensionless,Sample Data
2025-09-10,46.122613490114674,-111.68439914407679,aod,0.26456206457185566,dimensionless,Sample Data
2025-09-05,10.82734483214854,-79.99036382662582,aod,0.028728752725047803,dimensionless,Sample Data
2025-09-24,69.27533018951111,-125.58451918888841,aod,0.2856649363428756,dimensionless,Sample Data
2025-09-04,50.14825985894437,-162.17573825523013,aod,0.07816468302565252,dimensionless,Sample Data
2025-09-24,57.197410450805215,-71.54056242588022,aod,0.32343063159230945,dimensionless,Sample Data
2025-09-06,46.58905329447718,-55.25503623826566,aod,0.061808691966669264,dimensionless,Sample Data
