State,Pollutant,Parameter_Code,Average_Concentration,Max_Concentration,Total_Measurements,Monitoring_Sites,Units
Alabama,SO2,42401,0.821733,109.5,40192,5,ppb
Alaska,SO2,42401,1.470907,12.6,16822,2,ppb
Arizona,SO2,42401,0.515752,122.0,60093,7,ppb
Arkansas,SO2,42401,0.459835,9.6,8729,1,ppb
California,SO2,42401,0.339344,69.0,120644,17,ppb
Colorado,SO2,42401,0.534224,6.8,23726,3,ppb
Connecticut,SO2,42401,0.140177,10.9,24666,3,ppb
Delaware,SO2,42401,0.171404,19.7,42160,5,ppb
District Of Columbia,SO2,42401,0.645434,3.3,8104,1,ppb
Florida,SO2,42401,0.863502,151.9,146974,18,ppb
Georgia,SO2,42401,1.064761,89.7,50169,6,ppb
Hawaii,SO2,42401,1.16646,272.8,113893,14,ppb
Idaho,SO2,42401,1.768912,78.5,25180,3,ppb
Illinois,SO2,42401,0.657148,152.5,118170,14,ppb
Indiana,SO2,42401,0.686575,64.3,81198,10,ppb
Iowa,SO2,42401,0.419865,23.9,49600,5,ppb
Kansas,SO2,42401,0.36941,20.5,33187,4,ppb
Kentucky,SO2,42401,0.980793,127.7,81630,11,ppb
Louisiana,SO2,42401,0.664658,234.0,59280,6,ppb
Maine,SO2,42401,0.036293,42.8,17042,2,ppb
Maryland,SO2,42401,0.190019,7.5,32934,4,ppb
Massachusetts,SO2,42401,0.359504,3.9,49733,6,ppb
Michigan,SO2,42401,0.917835,77.7,74734,9,ppb
Minnesota,SO2,42401,0.646669,268.0,56356,7,ppb
Mississippi,SO2,42401,0.536652,8.5,16575,2,ppb
Missouri,SO2,42401,1.005254,331.3,152449,13,ppb
Montana,SO2,42401,0.980594,30.4,35484,5,ppb
Nebraska,SO2,42401,0.540234,63.3,17172,2,ppb
Nevada,SO2,42401,0.508564,14.2,17025,2,ppb
New Hampshire,SO2,42401,0.53458,49.7,33485,4,ppb
New Jersey,SO2,42401,0.429064,7.1,58853,8,ppb
New Mexico,SO2,42401,0.520041,34.6,23901,3,ppb
New York,SO2,42401,0.620197,91.9,101797,8,ppb
North Carolina,SO2,42401,0.072313,13.5,57511,7,ppb
North Dakota,SO2,42401,1.178948,28.9,94943,6,ppb
Ohio,SO2,42401,0.618828,152.0,209612,21,ppb
Oklahoma,SO2,42401,0.199753,64.0,59147,7,ppb
Oregon,SO2,42401,0.329067,2.2,8501,1,ppb
Pennsylvania,SO2,42401,0.719239,178.3,155468,14,ppb
Puerto Rico,SO2,42401,0.438997,59.1,20004,2,ppb
Rhode Island,SO2,42401,0.190612,2.0,2354,1,ppb
South Carolina,SO2,42401,0.072093,6.5,34594,5,ppb
South Dakota,SO2,42401,0.243385,10.0,17006,2,ppb
Tennessee,SO2,42401,0.938921,62.0,57223,7,ppb
Texas,SO2,42401,1.051708,438.0,244114,30,ppb
Utah,SO2,42401,0.529463,18.5,34572,4,ppb
Vermont,SO2,42401,0.103206,1.3,12476,2,ppb
Virginia,SO2,42401,0.581985,25.0,67187,8,ppb
Washington,SO2,42401,0.282635,14.2,37231,4,ppb
West Virginia,SO2,42401,1.015338,132.0,66657,8,ppb
Wisconsin,SO2,42401,0.292107,36.6,42340,5,ppb
Wyoming,SO2,42401,0.497472,102.4,94430,12,ppb
Alabama,O3,44201,0.028472,0.126,109352,15,ppm
Alaska,O3,44201,0.025125,0.071,17249,2,ppm
Arizona,O3,44201,0.037507,0.116,360951,42,ppm
Arkansas,O3,44201,0.030028,0.201,65397,7,ppm
California,O3,44201,0.032403,0.164,1130110,79,ppm
Colorado,O3,44201,0.041107,0.111,367367,28,ppm
Connecticut,O3,44201,0.033387,0.127,70945,12,ppm
Country Of Mexico,O3,44201,0.027459,0.084,9864,2,ppm
Delaware,O3,44201,0.029971,0.085,58147,7,ppm
District Of Columbia,O3,44201,0.028875,0.092,24955,3,ppm
Florida,O3,44201,0.029401,0.234,471061,40,ppm
Georgia,O3,44201,0.028946,0.103,112747,12,ppm
Hawaii,O3,44201,0.024394,0.074,17134,2,ppm
Idaho,O3,44201,0.034743,0.136,32450,5,ppm
Illinois,O3,44201,0.03253,0.113,217462,29,ppm
Indiana,O3,44201,0.029228,0.137,331967,25,ppm
Iowa,O3,44201,0.033081,0.078,148700,13,ppm
Kansas,O3,44201,0.030296,0.114,76262,7,ppm
Kentucky,O3,44201,0.031697,0.102,165284,19,ppm
Louisiana,O3,44201,0.027473,0.124,185305,10,ppm
Maine,O3,44201,0.029378,0.095,100406,15,ppm
Maryland,O3,44201,0.031831,0.096,130948,17,ppm
Massachusetts,O3,44201,0.029888,0.119,147877,17,ppm
Michigan,O3,44201,0.031733,0.093,174598,18,ppm
Minnesota,O3,44201,0.030099,0.098,109133,19,ppm
Mississippi,O3,44201,0.031527,0.088,60694,8,ppm
Missouri,O3,44201,0.033797,0.102,277280,14,ppm
Montana,O3,44201,0.029808,0.082,57681,7,ppm
Nebraska,O3,44201,0.032732,0.089,35265,6,ppm
Nevada,O3,44201,0.037982,0.099,211043,24,ppm
New Hampshire,O3,44201,0.029761,0.091,85733,13,ppm
New Jersey,O3,44201,0.029341,0.107,117745,11,ppm
New Mexico,O3,44201,0.035883,0.476,181040,16,ppm
New York,O3,44201,0.029604,0.115,227628,20,ppm
North Carolina,O3,44201,0.031103,0.103,219620,23,ppm
North Dakota,O3,44201,0.031056,0.084,75060,4,ppm
Ohio,O3,44201,0.032823,0.093,296373,35,ppm
Oklahoma,O3,44201,0.035092,0.379,147951,22,ppm
Oregon,O3,44201,0.026672,0.102,53118,10,ppm
Pennsylvania,O3,44201,0.02896,0.103,398868,29,ppm
Puerto Rico,O3,44201,0.008971,0.047,10067,2,ppm
Rhode Island,O3,44201,0.032206,0.099,17271,4,ppm
South Carolina,O3,44201,0.030381,0.083,100545,12,ppm
South Dakota,O3,44201,0.031554,0.091,58686,5,ppm
Tennessee,O3,44201,0.032509,0.1,141709,18,ppm
Texas,O3,44201,0.029243,0.144,606923,61,ppm
Utah,O3,44201,0.036067,0.106,289675,28,ppm
Vermont,O3,44201,0.029499,0.085,23433,3,ppm
Virginia,O3,44201,0.029379,0.097,155722,15,ppm
Washington,O3,44201,0.028343,0.103,66815,12,ppm
West Virginia,O3,44201,0.029183,0.088,54786,7,ppm
Wisconsin,O3,44201,0.033477,0.109,167022,21,ppm
Wyoming,O3,44201,0.039093,0.101,209790,21,ppm
Alabama,NO2,42602,9.462754,57.8,11749,2,ppb
Arizona,NO2,42602,13.246798,66.0,76136,9,ppb
Arkansas,NO2,42602,3.397002,43.1,11240,2,ppb
California,NO2,42602,8.908919,85.6,656972,65,ppb
Colorado,NO2,42602,7.678211,67.3,119473,16,ppb
Connecticut,NO2,42602,9.812219,56.8,32336,4,ppb
Delaware,NO2,42602,8.763515,45.4,9900,1,ppb
District Of Columbia,NO2,42602,9.443462,57.8,41475,4,ppb
Florida,NO2,42602,8.139968,62.3,97400,13,ppb
Georgia,NO2,42602,12.94994,53.2,25124,3,ppb
Hawaii,NO2,42602,2.556269,30.8,8518,1,ppb
Idaho,NO2,42602,7.972173,52.6,8596,1,ppb
Illinois,NO2,42602,12.257439,136.3,62055,8,ppb
Indiana,NO2,42602,6.353212,92.8,42814,5,ppb
Iowa,NO2,42602,3.583881,56.5,19369,3,ppb
Kansas,NO2,42602,4.34492,53.2,37596,5,ppb
Kentucky,NO2,42602,7.001152,51.0,49318,7,ppb
Louisiana,NO2,42602,5.145866,53.3,74367,8,ppb
Maine,NO2,42602,3.890543,43.5,15152,2,ppb
Maryland,NO2,42602,8.943242,53.2,50664,6,ppb
Massachusetts,NO2,42602,6.592759,53.0,98511,11,ppb
Michigan,NO2,42602,9.236021,78.3,83903,12,ppb
Minnesota,NO2,42602,5.576752,48.4,51441,6,ppb
Mississippi,NO2,42602,3.641536,37.9,8123,1,ppb
Missouri,NO2,42602,8.972937,62.5,41607,5,ppb
Montana,NO2,42602,1.995652,53.0,60785,8,ppb
Nevada,NO2,42602,13.125316,70.2,57506,7,ppb
New Hampshire,NO2,42602,2.41936,33.9,8497,1,ppb
New Jersey,NO2,42602,11.978121,86.5,74693,8,ppb
New Mexico,NO2,42602,6.205993,73.2,93205,11,ppb
New York,NO2,42602,10.437265,68.0,64291,8,ppb
North Carolina,NO2,42602,6.810795,45.8,62901,7,ppb
North Dakota,NO2,42602,2.292993,37.1,68774,4,ppb
Ohio,NO2,42602,8.910431,75.0,58022,7,ppb
Oklahoma,NO2,42602,6.431607,48.0,31819,4,ppb
Oregon,NO2,42602,7.479152,33.4,16644,2,ppb
Pennsylvania,NO2,42602,7.313726,65.1,158565,19,ppb
Rhode Island,NO2,42602,9.78668,48.9,12147,2,ppb
South Carolina,NO2,42602,5.416777,45.0,25702,4,ppb
South Dakota,NO2,42602,5.242291,35.8,16947,2,ppb
Tennessee,NO2,42602,6.399537,79.0,31560,4,ppb
Texas,NO2,42602,6.509199,83.9,400546,47,ppb
Utah,NO2,42602,6.533941,56.9,255093,23,ppb
Vermont,NO2,42602,5.012211,28.9,8075,1,ppb
Virginia,NO2,42602,7.027549,60.6,102608,11,ppb
Washington,NO2,42602,12.475476,55.8,23707,3,ppb
Wisconsin,NO2,42602,6.825971,50.2,20161,3,ppb
Wyoming,NO2,42602,2.062572,45.8,158648,16,ppb
Alabama,CO,42101,0.17196,2.9,25225,4,ppm
Alaska,CO,42101,0.334508,7.785,15733,2,ppm
Arizona,CO,42101,0.319641,4.0,89324,11,ppm
Arkansas,CO,42101,0.190499,1.4,8304,1,ppm
California,CO,42101,0.32028,4.9,298816,37,ppm
Colorado,CO,42101,0.279771,3.65,43122,5,ppm
Connecticut,CO,42101,0.225447,3.996,16601,3,ppm
District Of Columbia,CO,42101,0.343919,1.768,16932,2,ppm
Florida,CO,42101,0.30204,3.471,69628,10,ppm
Georgia,CO,42101,0.431676,1.9,17033,2,ppm
Hawaii,CO,42101,0.109745,6.8,15376,2,ppm
Idaho,CO,42101,0.200939,2.23,8731,1,ppm
Illinois,CO,42101,0.214013,2.7,24531,3,ppm
Indiana,CO,42101,0.320908,2.4,22011,3,ppm
Iowa,CO,42101,0.18251,1.145,7723,1,ppm
Kentucky,CO,42101,0.27131,4.54,13377,2,ppm
Louisiana,CO,42101,0.315859,1.6,15575,2,ppm
Maine,CO,42101,0.164147,1.074,16141,2,ppm
Maryland,CO,42101,0.186441,2.917,30977,4,ppm
Massachusetts,CO,42101,0.262095,1.777,22901,3,ppm
Michigan,CO,42101,0.402466,2.6,51260,7,ppm
Minnesota,CO,42101,0.292138,2.6,47583,6,ppm
Mississippi,CO,42101,0.253505,1.158,8473,1,ppm
Missouri,CO,42101,0.255187,1.574,16896,2,ppm
Montana,CO,42101,0.172826,1.711,15058,2,ppm
Nebraska,CO,42101,0.222532,5.38,16992,2,ppm
Nevada,CO,42101,0.309079,2.943,40553,5,ppm
New Hampshire,CO,42101,0.121022,1.088,24314,3,ppm
New Jersey,CO,42101,0.34201,2.8,34354,5,ppm
New Mexico,CO,42101,0.194214,4.7,23520,3,ppm
New York,CO,42101,0.22333,2.091,81845,10,ppm
North Carolina,CO,42101,0.280444,1.787,33302,4,ppm
North Dakota,CO,42101,0.160918,0.966,8137,1,ppm
Ohio,CO,42101,0.229404,8.7,55649,7,ppm
Oklahoma,CO,42101,0.356062,2.1,26213,4,ppm
Oregon,CO,42101,0.190389,1.583,17339,2,ppm
Pennsylvania,CO,42101,0.304415,15.666,76527,10,ppm
Puerto Rico,CO,42101,0.19661,7.0,20117,3,ppm
Rhode Island,CO,42101,0.337601,1.747,10615,2,ppm
South Carolina,CO,42101,0.102101,1.321,8263,1,ppm
South Dakota,CO,42101,0.181904,0.7,8560,1,ppm
Tennessee,CO,42101,0.278924,1.9,26510,4,ppm
Texas,CO,42101,0.310596,6.5,87372,11,ppm
Utah,CO,42101,0.224276,2.1,60653,7,ppm
Vermont,CO,42101,0.173155,2.3,14724,2,ppm
Virginia,CO,42101,0.233601,2.02,52748,7,ppm
Washington,CO,42101,0.149569,0.957,19291,3,ppm
West Virginia,CO,42101,0.194141,4.7,7339,1,ppm
Wisconsin,CO,42101,0.228807,1.691,19039,3,ppm
Wyoming,CO,42101,0.116332,1.167,24117,3,ppm
